{
  "y": 0.9116182142604167, 
  "x": 1.4643110116218723, 
  "z": 0.4789987087327319, 
  "class": 42
}